id;livreur_id;livreur_nom;livreur_prenom;livreur_email;livreur_adresse
1;42252;hack;payment methodologies;Liechtenstein bus Lek;quantifying generating
2;27068;calculating;bypass Mandatory;Coordinateur navigating Shoes;Soft a
3;68620;Granite Bahre√Øn;Sports;leading-edge Chicken XSS;Cambridgeshire
4;11815;Salad 1080p array;des;payment Chair;Account
5;77759;Rustic;Soft Integrated Account;heuristic Sports;facilitate
6;72134;quantifying Rustic;Stagiaire;PCI Reverse-engineered;a
7;64278;hard hybrid;Steel;SSL uniform;user-facing brand
8;69548;moderator;digital a green;quantify Table Charron;cutting-edge
9;46538;b success Soap;program;Sterling;Administrateur withdrawal
10;39591;microchip Table;functionalities deploy;generate methodical;deploy transmitting
